<?xml version="1.0" encoding="UTF-8"?>
<DEFECTS>
  <DEFECT>
    <SFA>
      <FILEPATH>C:\Users\besim\Documents\Programming\C++\EquinoxEngine\EquinoxEngine\src\Shapes\</FILEPATH>
      <FILENAME>Ellipse.hpp</FILENAME>
      <LINE>16</LINE>
      <COLUMN>2</COLUMN>
    </SFA>
    <DEFECTCODE>26495</DEFECTCODE>
    <DESCRIPTION>Variable 'eq::Ellipse::m_Radius2' is uninitialized. Always initialize a member variable (type.6).</DESCRIPTION>
    <FUNCTION>eq::Ellipse::{ctor}</FUNCTION>
    <DECORATED>??0Ellipse@eq@@QEAA@UVector2@Math@1@M@Z</DECORATED>
    <FUNCLINE>16</FUNCLINE>
    <ADDITIONALINFO>
      <targetSymbol>eq::Ellipse::m_Radius2</targetSymbol>
    </ADDITIONALINFO>
    <PATH></PATH>
  </DEFECT>
  <DEFECT>
    <SFA>
      <FILEPATH>C:\Users\besim\Documents\Programming\C++\EquinoxEngine\EquinoxEngine\src\Shapes\</FILEPATH>
      <FILENAME>Ellipse.hpp</FILENAME>
      <LINE>24</LINE>
      <COLUMN>2</COLUMN>
    </SFA>
    <DEFECTCODE>26495</DEFECTCODE>
    <DESCRIPTION>Variable 'eq::Ellipse::m_Radius2' is uninitialized. Always initialize a member variable (type.6).</DESCRIPTION>
    <FUNCTION>eq::Ellipse::{ctor}</FUNCTION>
    <DECORATED>??0Ellipse@eq@@QEAA@UVector2@Math@1@MUColor@1@@Z</DECORATED>
    <FUNCLINE>24</FUNCLINE>
    <ADDITIONALINFO>
      <targetSymbol>eq::Ellipse::m_Radius2</targetSymbol>
    </ADDITIONALINFO>
    <PATH></PATH>
  </DEFECT>
  <DEFECT>
    <SFA>
      <FILEPATH>C:\Users\besim\Documents\Programming\C++\EquinoxEngine\EquinoxEngine\src\Images\</FILEPATH>
      <FILENAME>Texture.hpp</FILENAME>
      <LINE>55</LINE>
      <COLUMN>2</COLUMN>
    </SFA>
    <DEFECTCODE>26495</DEFECTCODE>
    <DESCRIPTION>Variable 'eq::BitmapTexture::m_FileHeader' is uninitialized. Always initialize a member variable (type.6).</DESCRIPTION>
    <FUNCTION>eq::BitmapTexture::{ctor}</FUNCTION>
    <DECORATED>??0BitmapTexture@eq@@QEAA@XZ</DECORATED>
    <FUNCLINE>55</FUNCLINE>
    <ADDITIONALINFO>
      <targetSymbol>eq::BitmapTexture::m_FileHeader</targetSymbol>
    </ADDITIONALINFO>
    <PATH></PATH>
  </DEFECT>
  <DEFECT>
    <SFA>
      <FILEPATH>C:\Users\besim\Documents\Programming\C++\EquinoxEngine\EquinoxEngine\src\Images\</FILEPATH>
      <FILENAME>Texture.hpp</FILENAME>
      <LINE>55</LINE>
      <COLUMN>2</COLUMN>
    </SFA>
    <DEFECTCODE>26495</DEFECTCODE>
    <DESCRIPTION>Variable 'eq::BitmapTexture::m_InfoHeader' is uninitialized. Always initialize a member variable (type.6).</DESCRIPTION>
    <FUNCTION>eq::BitmapTexture::{ctor}</FUNCTION>
    <DECORATED>??0BitmapTexture@eq@@QEAA@XZ</DECORATED>
    <FUNCLINE>55</FUNCLINE>
    <ADDITIONALINFO>
      <targetSymbol>eq::BitmapTexture::m_InfoHeader</targetSymbol>
    </ADDITIONALINFO>
    <PATH></PATH>
  </DEFECT>
  <DEFECT>
    <SFA>
      <FILEPATH>C:\Users\besim\Documents\Programming\C++\EquinoxEngine\EquinoxEngine\src\Images\</FILEPATH>
      <FILENAME>Texture.hpp</FILENAME>
      <LINE>58</LINE>
      <COLUMN>51</COLUMN>
    </SFA>
    <DEFECTCODE>26451</DEFECTCODE>
    <DESCRIPTION>Arithmetic overflow: Using operator '*' on a 4 byte value and then casting the result to a 8 byte value. Cast the value to the wider type before calling operator '*' to avoid overflow (io.2).</DESCRIPTION>
    <FUNCTION>eq::BitmapTexture::{ctor}</FUNCTION>
    <DECORATED>??0BitmapTexture@eq@@QEAA@II@Z</DECORATED>
    <FUNCLINE>57</FUNCLINE>
    <PATH></PATH>
  </DEFECT>
  <DEFECT>
    <SFA>
      <FILEPATH>C:\Users\besim\Documents\Programming\C++\EquinoxEngine\EquinoxEngine\src\Images\</FILEPATH>
      <FILENAME>Texture.hpp</FILENAME>
      <LINE>57</LINE>
      <COLUMN>2</COLUMN>
    </SFA>
    <DEFECTCODE>26495</DEFECTCODE>
    <DESCRIPTION>Variable 'eq::BitmapTexture::m_FileHeader' is uninitialized. Always initialize a member variable (type.6).</DESCRIPTION>
    <FUNCTION>eq::BitmapTexture::{ctor}</FUNCTION>
    <DECORATED>??0BitmapTexture@eq@@QEAA@II@Z</DECORATED>
    <FUNCLINE>57</FUNCLINE>
    <ADDITIONALINFO>
      <targetSymbol>eq::BitmapTexture::m_FileHeader</targetSymbol>
    </ADDITIONALINFO>
    <PATH></PATH>
  </DEFECT>
  <DEFECT>
    <SFA>
      <FILEPATH>C:\Users\besim\Documents\Programming\C++\EquinoxEngine\EquinoxEngine\src\Images\</FILEPATH>
      <FILENAME>Texture.hpp</FILENAME>
      <LINE>57</LINE>
      <COLUMN>2</COLUMN>
    </SFA>
    <DEFECTCODE>26495</DEFECTCODE>
    <DESCRIPTION>Variable 'eq::BitmapTexture::m_InfoHeader' is uninitialized. Always initialize a member variable (type.6).</DESCRIPTION>
    <FUNCTION>eq::BitmapTexture::{ctor}</FUNCTION>
    <DECORATED>??0BitmapTexture@eq@@QEAA@II@Z</DECORATED>
    <FUNCLINE>57</FUNCLINE>
    <ADDITIONALINFO>
      <targetSymbol>eq::BitmapTexture::m_InfoHeader</targetSymbol>
    </ADDITIONALINFO>
    <PATH></PATH>
  </DEFECT>
  <DEFECT>
    <SFA>
      <FILEPATH>C:\Users\besim\Documents\Programming\C++\EquinoxEngine\EquinoxEngine\src\Images\</FILEPATH>
      <FILENAME>Sprite.hpp</FILENAME>
      <LINE>32</LINE>
      <COLUMN>2</COLUMN>
    </SFA>
    <DEFECTCODE>26495</DEFECTCODE>
    <DESCRIPTION>Variable 'eq::Sprite::m_ScaledHeight' is uninitialized. Always initialize a member variable (type.6).</DESCRIPTION>
    <FUNCTION>eq::Sprite::{ctor}</FUNCTION>
    <DECORATED>??0Sprite@eq@@QEAA@XZ</DECORATED>
    <FUNCLINE>32</FUNCLINE>
    <ADDITIONALINFO>
      <targetSymbol>eq::Sprite::m_ScaledHeight</targetSymbol>
    </ADDITIONALINFO>
    <PATH></PATH>
  </DEFECT>
  <DEFECT>
    <SFA>
      <FILEPATH>C:\Users\besim\Documents\Programming\C++\EquinoxEngine\EquinoxEngine\src\Images\</FILEPATH>
      <FILENAME>Sprite.hpp</FILENAME>
      <LINE>32</LINE>
      <COLUMN>2</COLUMN>
    </SFA>
    <DEFECTCODE>26495</DEFECTCODE>
    <DESCRIPTION>Variable 'eq::Sprite::m_ScaledWidth' is uninitialized. Always initialize a member variable (type.6).</DESCRIPTION>
    <FUNCTION>eq::Sprite::{ctor}</FUNCTION>
    <DECORATED>??0Sprite@eq@@QEAA@XZ</DECORATED>
    <FUNCLINE>32</FUNCLINE>
    <ADDITIONALINFO>
      <targetSymbol>eq::Sprite::m_ScaledWidth</targetSymbol>
    </ADDITIONALINFO>
    <PATH></PATH>
  </DEFECT>
  <DEFECT>
    <SFA>
      <FILEPATH>C:\Users\besim\Documents\Programming\C++\EquinoxEngine\EquinoxEngine\src\Images\</FILEPATH>
      <FILENAME>Sprite.hpp</FILENAME>
      <LINE>35</LINE>
      <COLUMN>51</COLUMN>
    </SFA>
    <DEFECTCODE>26451</DEFECTCODE>
    <DESCRIPTION>Arithmetic overflow: Using operator '*' on a 4 byte value and then casting the result to a 8 byte value. Cast the value to the wider type before calling operator '*' to avoid overflow (io.2).</DESCRIPTION>
    <FUNCTION>eq::Sprite::{ctor}</FUNCTION>
    <DECORATED>??0Sprite@eq@@QEAA@II@Z</DECORATED>
    <FUNCLINE>34</FUNCLINE>
    <PATH></PATH>
  </DEFECT>
  <DEFECT>
    <SFA>
      <FILEPATH>C:\Users\besim\Documents\Programming\C++\EquinoxEngine\EquinoxEngine\src\Images\</FILEPATH>
      <FILENAME>Sprite.hpp</FILENAME>
      <LINE>34</LINE>
      <COLUMN>2</COLUMN>
    </SFA>
    <DEFECTCODE>26495</DEFECTCODE>
    <DESCRIPTION>Variable 'eq::Sprite::m_ScaledHeight' is uninitialized. Always initialize a member variable (type.6).</DESCRIPTION>
    <FUNCTION>eq::Sprite::{ctor}</FUNCTION>
    <DECORATED>??0Sprite@eq@@QEAA@II@Z</DECORATED>
    <FUNCLINE>34</FUNCLINE>
    <ADDITIONALINFO>
      <targetSymbol>eq::Sprite::m_ScaledHeight</targetSymbol>
    </ADDITIONALINFO>
    <PATH></PATH>
  </DEFECT>
  <DEFECT>
    <SFA>
      <FILEPATH>C:\Users\besim\Documents\Programming\C++\EquinoxEngine\EquinoxEngine\src\Images\</FILEPATH>
      <FILENAME>Sprite.hpp</FILENAME>
      <LINE>34</LINE>
      <COLUMN>2</COLUMN>
    </SFA>
    <DEFECTCODE>26495</DEFECTCODE>
    <DESCRIPTION>Variable 'eq::Sprite::m_ScaledWidth' is uninitialized. Always initialize a member variable (type.6).</DESCRIPTION>
    <FUNCTION>eq::Sprite::{ctor}</FUNCTION>
    <DECORATED>??0Sprite@eq@@QEAA@II@Z</DECORATED>
    <FUNCLINE>34</FUNCLINE>
    <ADDITIONALINFO>
      <targetSymbol>eq::Sprite::m_ScaledWidth</targetSymbol>
    </ADDITIONALINFO>
    <PATH></PATH>
  </DEFECT>
  <DEFECT>
    <SFA>
      <FILEPATH>C:\Users\besim\Documents\Programming\C++\EquinoxEngine\EquinoxEngine\src\</FILEPATH>
      <FILENAME>eqApplication.cpp</FILENAME>
      <LINE>45</LINE>
      <COLUMN>30</COLUMN>
    </SFA>
    <DEFECTCODE>6297</DEFECTCODE>
    <DESCRIPTION>Arithmetic overflow.  Results might not be an expected value.</DESCRIPTION>
    <FUNCTION>eq::WindowCallback</FUNCTION>
    <DECORATED>?WindowCallback@eq@@YA_JPEAUHWND__@@I_K_J@Z</DECORATED>
    <FUNCLINE>15</FUNCLINE>
    <PATH></PATH>
  </DEFECT>
  <DEFECT>
    <SFA>
      <FILEPATH>C:\Users\besim\Documents\Programming\C++\EquinoxEngine\EquinoxEngine\src\</FILEPATH>
      <FILENAME>eqApplication.cpp</FILENAME>
      <LINE>45</LINE>
      <COLUMN>30</COLUMN>
    </SFA>
    <DEFECTCODE>26451</DEFECTCODE>
    <DESCRIPTION>Arithmetic overflow: Using operator '&lt;&lt;' on a 4 byte value and then casting the result to a 8 byte value. Cast the value to the wider type before calling operator '&lt;&lt;' to avoid overflow (io.2).</DESCRIPTION>
    <FUNCTION>eq::WindowCallback</FUNCTION>
    <DECORATED>?WindowCallback@eq@@YA_JPEAUHWND__@@I_K_J@Z</DECORATED>
    <FUNCLINE>15</FUNCLINE>
    <PATH></PATH>
  </DEFECT>
</DEFECTS>