<?xml version="1.0" encoding="UTF-8"?>
<DEFECTS>
  <DEFECT>
    <SFA>
      <FILEPATH>C:\Users\besim\Documents\Programming\C++\EquinoxEngine\EquinoxEngine\src\Images\</FILEPATH>
      <FILENAME>Texture.hpp</FILENAME>
      <LINE>55</LINE>
      <COLUMN>2</COLUMN>
    </SFA>
    <DEFECTCODE>26495</DEFECTCODE>
    <DESCRIPTION>Variable 'eq::BitmapTexture::m_FileHeader' is uninitialized. Always initialize a member variable (type.6).</DESCRIPTION>
    <FUNCTION>eq::BitmapTexture::{ctor}</FUNCTION>
    <DECORATED>??0BitmapTexture@eq@@QEAA@XZ</DECORATED>
    <FUNCLINE>55</FUNCLINE>
    <ADDITIONALINFO>
      <targetSymbol>eq::BitmapTexture::m_FileHeader</targetSymbol>
    </ADDITIONALINFO>
    <PATH></PATH>
  </DEFECT>
  <DEFECT>
    <SFA>
      <FILEPATH>C:\Users\besim\Documents\Programming\C++\EquinoxEngine\EquinoxEngine\src\Images\</FILEPATH>
      <FILENAME>Texture.hpp</FILENAME>
      <LINE>55</LINE>
      <COLUMN>2</COLUMN>
    </SFA>
    <DEFECTCODE>26495</DEFECTCODE>
    <DESCRIPTION>Variable 'eq::BitmapTexture::m_InfoHeader' is uninitialized. Always initialize a member variable (type.6).</DESCRIPTION>
    <FUNCTION>eq::BitmapTexture::{ctor}</FUNCTION>
    <DECORATED>??0BitmapTexture@eq@@QEAA@XZ</DECORATED>
    <FUNCLINE>55</FUNCLINE>
    <ADDITIONALINFO>
      <targetSymbol>eq::BitmapTexture::m_InfoHeader</targetSymbol>
    </ADDITIONALINFO>
    <PATH></PATH>
  </DEFECT>
  <DEFECT>
    <SFA>
      <FILEPATH>C:\Users\besim\Documents\Programming\C++\EquinoxEngine\EquinoxEngine\src\Images\</FILEPATH>
      <FILENAME>Texture.hpp</FILENAME>
      <LINE>58</LINE>
      <COLUMN>51</COLUMN>
    </SFA>
    <DEFECTCODE>26451</DEFECTCODE>
    <DESCRIPTION>Arithmetic overflow: Using operator '*' on a 4 byte value and then casting the result to a 8 byte value. Cast the value to the wider type before calling operator '*' to avoid overflow (io.2).</DESCRIPTION>
    <FUNCTION>eq::BitmapTexture::{ctor}</FUNCTION>
    <DECORATED>??0BitmapTexture@eq@@QEAA@II@Z</DECORATED>
    <FUNCLINE>57</FUNCLINE>
    <PATH></PATH>
  </DEFECT>
  <DEFECT>
    <SFA>
      <FILEPATH>C:\Users\besim\Documents\Programming\C++\EquinoxEngine\EquinoxEngine\src\Images\</FILEPATH>
      <FILENAME>Texture.hpp</FILENAME>
      <LINE>57</LINE>
      <COLUMN>2</COLUMN>
    </SFA>
    <DEFECTCODE>26495</DEFECTCODE>
    <DESCRIPTION>Variable 'eq::BitmapTexture::m_FileHeader' is uninitialized. Always initialize a member variable (type.6).</DESCRIPTION>
    <FUNCTION>eq::BitmapTexture::{ctor}</FUNCTION>
    <DECORATED>??0BitmapTexture@eq@@QEAA@II@Z</DECORATED>
    <FUNCLINE>57</FUNCLINE>
    <ADDITIONALINFO>
      <targetSymbol>eq::BitmapTexture::m_FileHeader</targetSymbol>
    </ADDITIONALINFO>
    <PATH></PATH>
  </DEFECT>
  <DEFECT>
    <SFA>
      <FILEPATH>C:\Users\besim\Documents\Programming\C++\EquinoxEngine\EquinoxEngine\src\Images\</FILEPATH>
      <FILENAME>Texture.hpp</FILENAME>
      <LINE>57</LINE>
      <COLUMN>2</COLUMN>
    </SFA>
    <DEFECTCODE>26495</DEFECTCODE>
    <DESCRIPTION>Variable 'eq::BitmapTexture::m_InfoHeader' is uninitialized. Always initialize a member variable (type.6).</DESCRIPTION>
    <FUNCTION>eq::BitmapTexture::{ctor}</FUNCTION>
    <DECORATED>??0BitmapTexture@eq@@QEAA@II@Z</DECORATED>
    <FUNCLINE>57</FUNCLINE>
    <ADDITIONALINFO>
      <targetSymbol>eq::BitmapTexture::m_InfoHeader</targetSymbol>
    </ADDITIONALINFO>
    <PATH></PATH>
  </DEFECT>
  <DEFECT>
    <SFA>
      <FILEPATH>C:\Users\besim\Documents\Programming\C++\EquinoxEngine\EquinoxEngine\src\Images\</FILEPATH>
      <FILENAME>Sprite.hpp</FILENAME>
      <LINE>32</LINE>
      <COLUMN>2</COLUMN>
    </SFA>
    <DEFECTCODE>26495</DEFECTCODE>
    <DESCRIPTION>Variable 'eq::Sprite::m_ScaledWidth' is uninitialized. Always initialize a member variable (type.6).</DESCRIPTION>
    <FUNCTION>eq::Sprite::{ctor}</FUNCTION>
    <DECORATED>??0Sprite@eq@@QEAA@XZ</DECORATED>
    <FUNCLINE>32</FUNCLINE>
    <ADDITIONALINFO>
      <targetSymbol>eq::Sprite::m_ScaledWidth</targetSymbol>
    </ADDITIONALINFO>
    <PATH></PATH>
  </DEFECT>
  <DEFECT>
    <SFA>
      <FILEPATH>C:\Users\besim\Documents\Programming\C++\EquinoxEngine\EquinoxEngine\src\Images\</FILEPATH>
      <FILENAME>Sprite.hpp</FILENAME>
      <LINE>32</LINE>
      <COLUMN>2</COLUMN>
    </SFA>
    <DEFECTCODE>26495</DEFECTCODE>
    <DESCRIPTION>Variable 'eq::Sprite::m_ScaledHeight' is uninitialized. Always initialize a member variable (type.6).</DESCRIPTION>
    <FUNCTION>eq::Sprite::{ctor}</FUNCTION>
    <DECORATED>??0Sprite@eq@@QEAA@XZ</DECORATED>
    <FUNCLINE>32</FUNCLINE>
    <ADDITIONALINFO>
      <targetSymbol>eq::Sprite::m_ScaledHeight</targetSymbol>
    </ADDITIONALINFO>
    <PATH></PATH>
  </DEFECT>
  <DEFECT>
    <SFA>
      <FILEPATH>C:\Users\besim\Documents\Programming\C++\EquinoxEngine\EquinoxEngine\src\Images\</FILEPATH>
      <FILENAME>Sprite.hpp</FILENAME>
      <LINE>35</LINE>
      <COLUMN>51</COLUMN>
    </SFA>
    <DEFECTCODE>26451</DEFECTCODE>
    <DESCRIPTION>Arithmetic overflow: Using operator '*' on a 4 byte value and then casting the result to a 8 byte value. Cast the value to the wider type before calling operator '*' to avoid overflow (io.2).</DESCRIPTION>
    <FUNCTION>eq::Sprite::{ctor}</FUNCTION>
    <DECORATED>??0Sprite@eq@@QEAA@II@Z</DECORATED>
    <FUNCLINE>34</FUNCLINE>
    <PATH></PATH>
  </DEFECT>
  <DEFECT>
    <SFA>
      <FILEPATH>C:\Users\besim\Documents\Programming\C++\EquinoxEngine\EquinoxEngine\src\Images\</FILEPATH>
      <FILENAME>Sprite.hpp</FILENAME>
      <LINE>34</LINE>
      <COLUMN>2</COLUMN>
    </SFA>
    <DEFECTCODE>26495</DEFECTCODE>
    <DESCRIPTION>Variable 'eq::Sprite::m_ScaledWidth' is uninitialized. Always initialize a member variable (type.6).</DESCRIPTION>
    <FUNCTION>eq::Sprite::{ctor}</FUNCTION>
    <DECORATED>??0Sprite@eq@@QEAA@II@Z</DECORATED>
    <FUNCLINE>34</FUNCLINE>
    <ADDITIONALINFO>
      <targetSymbol>eq::Sprite::m_ScaledWidth</targetSymbol>
    </ADDITIONALINFO>
    <PATH></PATH>
  </DEFECT>
  <DEFECT>
    <SFA>
      <FILEPATH>C:\Users\besim\Documents\Programming\C++\EquinoxEngine\EquinoxEngine\src\Images\</FILEPATH>
      <FILENAME>Sprite.hpp</FILENAME>
      <LINE>34</LINE>
      <COLUMN>2</COLUMN>
    </SFA>
    <DEFECTCODE>26495</DEFECTCODE>
    <DESCRIPTION>Variable 'eq::Sprite::m_ScaledHeight' is uninitialized. Always initialize a member variable (type.6).</DESCRIPTION>
    <FUNCTION>eq::Sprite::{ctor}</FUNCTION>
    <DECORATED>??0Sprite@eq@@QEAA@II@Z</DECORATED>
    <FUNCLINE>34</FUNCLINE>
    <ADDITIONALINFO>
      <targetSymbol>eq::Sprite::m_ScaledHeight</targetSymbol>
    </ADDITIONALINFO>
    <PATH></PATH>
  </DEFECT>
  <DEFECT>
    <SFA>
      <FILEPATH>C:\Users\besim\Documents\Programming\C++\EquinoxEngine\EquinoxEngine\src\Images\</FILEPATH>
      <FILENAME>Sprite.cpp</FILENAME>
      <LINE>11</LINE>
      <COLUMN>51</COLUMN>
    </SFA>
    <DEFECTCODE>26451</DEFECTCODE>
    <DESCRIPTION>Arithmetic overflow: Using operator '*' on a 4 byte value and then casting the result to a 8 byte value. Cast the value to the wider type before calling operator '*' to avoid overflow (io.2).</DESCRIPTION>
    <FUNCTION>eq::Sprite::{ctor}</FUNCTION>
    <DECORATED>??0Sprite@eq@@QEAA@AEAVBitmapTexture@1@@Z</DECORATED>
    <FUNCLINE>5</FUNCLINE>
    <PATH></PATH>
  </DEFECT>
  <DEFECT>
    <SFA>
      <FILEPATH>C:\Users\besim\Documents\Programming\C++\EquinoxEngine\EquinoxEngine\src\Images\</FILEPATH>
      <FILENAME>Sprite.cpp</FILENAME>
      <LINE>25</LINE>
      <COLUMN>58</COLUMN>
    </SFA>
    <DEFECTCODE>26451</DEFECTCODE>
    <DESCRIPTION>Arithmetic overflow: Using operator '*' on a 4 byte value and then casting the result to a 8 byte value. Cast the value to the wider type before calling operator '*' to avoid overflow (io.2).</DESCRIPTION>
    <FUNCTION>eq::Sprite::{ctor}</FUNCTION>
    <DECORATED>??0Sprite@eq@@QEAA@AEAVBitmapTexture@1@II@Z</DECORATED>
    <FUNCLINE>24</FUNCLINE>
    <PATH></PATH>
  </DEFECT>
  <DEFECT>
    <SFA>
      <FILEPATH>C:\Users\besim\Documents\Programming\C++\EquinoxEngine\EquinoxEngine\src\Images\</FILEPATH>
      <FILENAME>Sprite.cpp</FILENAME>
      <LINE>24</LINE>
      <COLUMN>9</COLUMN>
    </SFA>
    <DEFECTCODE>26495</DEFECTCODE>
    <DESCRIPTION>Variable 'eq::Sprite::m_ScaledWidth' is uninitialized. Always initialize a member variable (type.6).</DESCRIPTION>
    <FUNCTION>eq::Sprite::{ctor}</FUNCTION>
    <DECORATED>??0Sprite@eq@@QEAA@AEAVBitmapTexture@1@II@Z</DECORATED>
    <FUNCLINE>24</FUNCLINE>
    <ADDITIONALINFO>
      <targetSymbol>eq::Sprite::m_ScaledWidth</targetSymbol>
    </ADDITIONALINFO>
    <PATH></PATH>
  </DEFECT>
  <DEFECT>
    <SFA>
      <FILEPATH>C:\Users\besim\Documents\Programming\C++\EquinoxEngine\EquinoxEngine\src\Images\</FILEPATH>
      <FILENAME>Sprite.cpp</FILENAME>
      <LINE>24</LINE>
      <COLUMN>9</COLUMN>
    </SFA>
    <DEFECTCODE>26495</DEFECTCODE>
    <DESCRIPTION>Variable 'eq::Sprite::m_ScaledHeight' is uninitialized. Always initialize a member variable (type.6).</DESCRIPTION>
    <FUNCTION>eq::Sprite::{ctor}</FUNCTION>
    <DECORATED>??0Sprite@eq@@QEAA@AEAVBitmapTexture@1@II@Z</DECORATED>
    <FUNCLINE>24</FUNCLINE>
    <ADDITIONALINFO>
      <targetSymbol>eq::Sprite::m_ScaledHeight</targetSymbol>
    </ADDITIONALINFO>
    <PATH></PATH>
  </DEFECT>
  <DEFECT>
    <SFA>
      <FILEPATH>C:\Users\besim\Documents\Programming\C++\EquinoxEngine\EquinoxEngine\src\Images\</FILEPATH>
      <FILENAME>Sprite.cpp</FILENAME>
      <LINE>38</LINE>
      <COLUMN>58</COLUMN>
    </SFA>
    <DEFECTCODE>26451</DEFECTCODE>
    <DESCRIPTION>Arithmetic overflow: Using operator '*' on a 4 byte value and then casting the result to a 8 byte value. Cast the value to the wider type before calling operator '*' to avoid overflow (io.2).</DESCRIPTION>
    <FUNCTION>eq::Sprite::{ctor}</FUNCTION>
    <DECORATED>??0Sprite@eq@@QEAA@AEAVBitmapTexture@1@IIII@Z</DECORATED>
    <FUNCLINE>37</FUNCLINE>
    <PATH></PATH>
  </DEFECT>
  <DEFECT>
    <SFA>
      <FILEPATH>C:\Users\besim\Documents\Programming\C++\EquinoxEngine\EquinoxEngine\src\Images\</FILEPATH>
      <FILENAME>Sprite.cpp</FILENAME>
      <LINE>37</LINE>
      <COLUMN>9</COLUMN>
    </SFA>
    <DEFECTCODE>26495</DEFECTCODE>
    <DESCRIPTION>Variable 'eq::Sprite::m_ScaledWidth' is uninitialized. Always initialize a member variable (type.6).</DESCRIPTION>
    <FUNCTION>eq::Sprite::{ctor}</FUNCTION>
    <DECORATED>??0Sprite@eq@@QEAA@AEAVBitmapTexture@1@IIII@Z</DECORATED>
    <FUNCLINE>37</FUNCLINE>
    <ADDITIONALINFO>
      <targetSymbol>eq::Sprite::m_ScaledWidth</targetSymbol>
    </ADDITIONALINFO>
    <PATH></PATH>
  </DEFECT>
  <DEFECT>
    <SFA>
      <FILEPATH>C:\Users\besim\Documents\Programming\C++\EquinoxEngine\EquinoxEngine\src\Images\</FILEPATH>
      <FILENAME>Sprite.cpp</FILENAME>
      <LINE>37</LINE>
      <COLUMN>9</COLUMN>
    </SFA>
    <DEFECTCODE>26495</DEFECTCODE>
    <DESCRIPTION>Variable 'eq::Sprite::m_ScaledHeight' is uninitialized. Always initialize a member variable (type.6).</DESCRIPTION>
    <FUNCTION>eq::Sprite::{ctor}</FUNCTION>
    <DECORATED>??0Sprite@eq@@QEAA@AEAVBitmapTexture@1@IIII@Z</DECORATED>
    <FUNCLINE>37</FUNCLINE>
    <ADDITIONALINFO>
      <targetSymbol>eq::Sprite::m_ScaledHeight</targetSymbol>
    </ADDITIONALINFO>
    <PATH></PATH>
  </DEFECT>
  <DEFECT>
    <SFA>
      <FILEPATH>C:\Users\besim\Documents\Programming\C++\EquinoxEngine\EquinoxEngine\src\Images\</FILEPATH>
      <FILENAME>Sprite.cpp</FILENAME>
      <LINE>86</LINE>
      <COLUMN>36</COLUMN>
    </SFA>
    <DEFECTCODE>26451</DEFECTCODE>
    <DESCRIPTION>Arithmetic overflow: Using operator '+' on a 4 byte value and then casting the result to a 8 byte value. Cast the value to the wider type before calling operator '+' to avoid overflow (io.2).</DESCRIPTION>
    <FUNCTION>eq::Sprite::getPixel</FUNCTION>
    <DECORATED>?getPixel@Sprite@eq@@QEAAIII@Z</DECORATED>
    <FUNCLINE>79</FUNCLINE>
    <PATH></PATH>
  </DEFECT>
  <DEFECT>
    <SFA>
      <FILEPATH>C:\Users\besim\Documents\Programming\C++\EquinoxEngine\EquinoxEngine\src\Images\</FILEPATH>
      <FILENAME>Sprite.cpp</FILENAME>
      <LINE>109</LINE>
      <COLUMN>20</COLUMN>
    </SFA>
    <DEFECTCODE>26451</DEFECTCODE>
    <DESCRIPTION>Arithmetic overflow: Using operator '+' on a 4 byte value and then casting the result to a 8 byte value. Cast the value to the wider type before calling operator '+' to avoid overflow (io.2).</DESCRIPTION>
    <FUNCTION>eq::Sprite::getTransformedPixel</FUNCTION>
    <DECORATED>?getTransformedPixel@Sprite@eq@@AEAAIII@Z</DECORATED>
    <FUNCLINE>102</FUNCLINE>
    <PATH></PATH>
  </DEFECT>
  <DEFECT>
    <SFA>
      <FILEPATH>C:\Users\besim\Documents\Programming\C++\EquinoxEngine\EquinoxEngine\src\Images\</FILEPATH>
      <FILENAME>Sprite.cpp</FILENAME>
      <LINE>117</LINE>
      <COLUMN>44</COLUMN>
    </SFA>
    <DEFECTCODE>26451</DEFECTCODE>
    <DESCRIPTION>Arithmetic overflow: Using operator '*' on a 4 byte value and then casting the result to a 8 byte value. Cast the value to the wider type before calling operator '*' to avoid overflow (io.2).</DESCRIPTION>
    <FUNCTION>eq::Sprite::applyScaling</FUNCTION>
    <DECORATED>?applyScaling@Sprite@eq@@AEAAXXZ</DECORATED>
    <FUNCLINE>112</FUNCLINE>
    <PATH></PATH>
  </DEFECT>
  <DEFECT>
    <SFA>
      <FILEPATH>C:\Users\besim\Documents\Programming\C++\EquinoxEngine\EquinoxEngine\src\Images\</FILEPATH>
      <FILENAME>Sprite.cpp</FILENAME>
      <LINE>155</LINE>
      <COLUMN>17</COLUMN>
    </SFA>
    <DEFECTCODE>26451</DEFECTCODE>
    <DESCRIPTION>Arithmetic overflow: Using operator '+' on a 4 byte value and then casting the result to a 8 byte value. Cast the value to the wider type before calling operator '+' to avoid overflow (io.2).</DESCRIPTION>
    <FUNCTION>eq::Sprite::applyRotation</FUNCTION>
    <DECORATED>?applyRotation@Sprite@eq@@AEAAXXZ</DECORATED>
    <FUNCLINE>139</FUNCLINE>
    <PATH></PATH>
  </DEFECT>
  <DEFECT>
    <SFA>
      <FILEPATH>C:\Users\besim\Documents\Programming\C++\EquinoxEngine\EquinoxEngine\src\Images\</FILEPATH>
      <FILENAME>Sprite.cpp</FILENAME>
      <LINE>176</LINE>
      <COLUMN>31</COLUMN>
    </SFA>
    <DEFECTCODE>26451</DEFECTCODE>
    <DESCRIPTION>Arithmetic overflow: Using operator '+' on a 4 byte value and then casting the result to a 8 byte value. Cast the value to the wider type before calling operator '+' to avoid overflow (io.2).</DESCRIPTION>
    <FUNCTION>eq::Sprite::billinearInterpolation</FUNCTION>
    <DECORATED>?billinearInterpolation@Sprite@eq@@AEAAIMM@Z</DECORATED>
    <FUNCLINE>161</FUNCLINE>
    <PATH></PATH>
  </DEFECT>
</DEFECTS>