<?xml version="1.0" encoding="UTF-8"?>
<DEFECTS>
  <DEFECT>
    <SFA>
      <FILEPATH>C:\Users\besim\Documents\Programming\C++\EquinoxEngine\EquinoxEngine\src\Images\</FILEPATH>
      <FILENAME>Texture.hpp</FILENAME>
      <LINE>55</LINE>
      <COLUMN>2</COLUMN>
    </SFA>
    <DEFECTCODE>26495</DEFECTCODE>
    <DESCRIPTION>Variable 'eq::BitmapTexture::m_FileHeader' is uninitialized. Always initialize a member variable (type.6).</DESCRIPTION>
    <FUNCTION>eq::BitmapTexture::{ctor}</FUNCTION>
    <DECORATED>??0BitmapTexture@eq@@QEAA@XZ</DECORATED>
    <FUNCLINE>55</FUNCLINE>
    <ADDITIONALINFO>
      <targetSymbol>eq::BitmapTexture::m_FileHeader</targetSymbol>
    </ADDITIONALINFO>
    <PATH></PATH>
  </DEFECT>
  <DEFECT>
    <SFA>
      <FILEPATH>C:\Users\besim\Documents\Programming\C++\EquinoxEngine\EquinoxEngine\src\Images\</FILEPATH>
      <FILENAME>Texture.hpp</FILENAME>
      <LINE>55</LINE>
      <COLUMN>2</COLUMN>
    </SFA>
    <DEFECTCODE>26495</DEFECTCODE>
    <DESCRIPTION>Variable 'eq::BitmapTexture::m_InfoHeader' is uninitialized. Always initialize a member variable (type.6).</DESCRIPTION>
    <FUNCTION>eq::BitmapTexture::{ctor}</FUNCTION>
    <DECORATED>??0BitmapTexture@eq@@QEAA@XZ</DECORATED>
    <FUNCLINE>55</FUNCLINE>
    <ADDITIONALINFO>
      <targetSymbol>eq::BitmapTexture::m_InfoHeader</targetSymbol>
    </ADDITIONALINFO>
    <PATH></PATH>
  </DEFECT>
  <DEFECT>
    <SFA>
      <FILEPATH>C:\Users\besim\Documents\Programming\C++\EquinoxEngine\EquinoxEngine\src\Images\</FILEPATH>
      <FILENAME>Texture.hpp</FILENAME>
      <LINE>58</LINE>
      <COLUMN>51</COLUMN>
    </SFA>
    <DEFECTCODE>26451</DEFECTCODE>
    <DESCRIPTION>Arithmetic overflow: Using operator '*' on a 4 byte value and then casting the result to a 8 byte value. Cast the value to the wider type before calling operator '*' to avoid overflow (io.2).</DESCRIPTION>
    <FUNCTION>eq::BitmapTexture::{ctor}</FUNCTION>
    <DECORATED>??0BitmapTexture@eq@@QEAA@II@Z</DECORATED>
    <FUNCLINE>57</FUNCLINE>
    <PATH></PATH>
  </DEFECT>
  <DEFECT>
    <SFA>
      <FILEPATH>C:\Users\besim\Documents\Programming\C++\EquinoxEngine\EquinoxEngine\src\Images\</FILEPATH>
      <FILENAME>Texture.hpp</FILENAME>
      <LINE>57</LINE>
      <COLUMN>2</COLUMN>
    </SFA>
    <DEFECTCODE>26495</DEFECTCODE>
    <DESCRIPTION>Variable 'eq::BitmapTexture::m_FileHeader' is uninitialized. Always initialize a member variable (type.6).</DESCRIPTION>
    <FUNCTION>eq::BitmapTexture::{ctor}</FUNCTION>
    <DECORATED>??0BitmapTexture@eq@@QEAA@II@Z</DECORATED>
    <FUNCLINE>57</FUNCLINE>
    <ADDITIONALINFO>
      <targetSymbol>eq::BitmapTexture::m_FileHeader</targetSymbol>
    </ADDITIONALINFO>
    <PATH></PATH>
  </DEFECT>
  <DEFECT>
    <SFA>
      <FILEPATH>C:\Users\besim\Documents\Programming\C++\EquinoxEngine\EquinoxEngine\src\Images\</FILEPATH>
      <FILENAME>Texture.hpp</FILENAME>
      <LINE>57</LINE>
      <COLUMN>2</COLUMN>
    </SFA>
    <DEFECTCODE>26495</DEFECTCODE>
    <DESCRIPTION>Variable 'eq::BitmapTexture::m_InfoHeader' is uninitialized. Always initialize a member variable (type.6).</DESCRIPTION>
    <FUNCTION>eq::BitmapTexture::{ctor}</FUNCTION>
    <DECORATED>??0BitmapTexture@eq@@QEAA@II@Z</DECORATED>
    <FUNCLINE>57</FUNCLINE>
    <ADDITIONALINFO>
      <targetSymbol>eq::BitmapTexture::m_InfoHeader</targetSymbol>
    </ADDITIONALINFO>
    <PATH></PATH>
  </DEFECT>
  <DEFECT>
    <SFA>
      <FILEPATH>C:\Users\besim\Documents\Programming\C++\EquinoxEngine\EquinoxEngine\src\Images\</FILEPATH>
      <FILENAME>Texture.cpp</FILENAME>
      <LINE>12</LINE>
      <COLUMN>21</COLUMN>
    </SFA>
    <DEFECTCODE>26451</DEFECTCODE>
    <DESCRIPTION>Arithmetic overflow: Using operator '+' on a 4 byte value and then casting the result to a 8 byte value. Cast the value to the wider type before calling operator '+' to avoid overflow (io.2).</DESCRIPTION>
    <FUNCTION>eq::BitmapTexture::getPixel</FUNCTION>
    <DECORATED>?getPixel@BitmapTexture@eq@@QEAAIII@Z</DECORATED>
    <FUNCLINE>5</FUNCLINE>
    <PATH></PATH>
  </DEFECT>
  <DEFECT>
    <SFA>
      <FILEPATH>C:\Users\besim\Documents\Programming\C++\EquinoxEngine\EquinoxEngine\src\Images\</FILEPATH>
      <FILENAME>Texture.cpp</FILENAME>
      <LINE>22</LINE>
      <COLUMN>13</COLUMN>
    </SFA>
    <DEFECTCODE>26451</DEFECTCODE>
    <DESCRIPTION>Arithmetic overflow: Using operator '+' on a 4 byte value and then casting the result to a 8 byte value. Cast the value to the wider type before calling operator '+' to avoid overflow (io.2).</DESCRIPTION>
    <FUNCTION>eq::BitmapTexture::setPixel</FUNCTION>
    <DECORATED>?setPixel@BitmapTexture@eq@@QEAAXIII@Z</DECORATED>
    <FUNCLINE>15</FUNCLINE>
    <PATH></PATH>
  </DEFECT>
</DEFECTS>