<?xml version="1.0" encoding="UTF-8"?>
<DEFECTS>
  <DEFECT>
    <SFA>
      <FILEPATH>C:\Users\besim\Documents\Programming\C++\EquinoxEngine\eqPhysics\src\</FILEPATH>
      <FILENAME>CollisionDetector.cpp</FILENAME>
      <LINE>29</LINE>
      <COLUMN>34</COLUMN>
    </SFA>
    <DEFECTCODE>26451</DEFECTCODE>
    <DESCRIPTION>Arithmetic overflow: Using operator '+' on a 4 byte value and then casting the result to a 8 byte value. Cast the value to the wider type before calling operator '+' to avoid overflow (io.2).</DESCRIPTION>
    <FUNCTION>eq::Physics::CollisionDetector::getContactBoxBox</FUNCTION>
    <DECORATED>?getContactBoxBox@CollisionDetector@Physics@eq@@AEAA?AUVector2@Math@3@PEAVBoxShape@23@0@Z</DECORATED>
    <FUNCLINE>8</FUNCLINE>
    <PATH></PATH>
  </DEFECT>
  <DEFECT>
    <SFA>
      <FILEPATH>C:\Users\besim\Documents\Programming\C++\EquinoxEngine\eqPhysics\src\</FILEPATH>
      <FILENAME>CollisionDetector.cpp</FILENAME>
      <LINE>107</LINE>
      <COLUMN>34</COLUMN>
    </SFA>
    <DEFECTCODE>26451</DEFECTCODE>
    <DESCRIPTION>Arithmetic overflow: Using operator '+' on a 4 byte value and then casting the result to a 8 byte value. Cast the value to the wider type before calling operator '+' to avoid overflow (io.2).</DESCRIPTION>
    <FUNCTION>eq::Physics::CollisionDetector::getContactPolygonPolygon</FUNCTION>
    <DECORATED>?getContactPolygonPolygon@CollisionDetector@Physics@eq@@AEAA?AUVector2@Math@3@PEAVPolygonShape@23@0@Z</DECORATED>
    <FUNCLINE>86</FUNCLINE>
    <PATH></PATH>
  </DEFECT>
  <DEFECT>
    <SFA>
      <FILEPATH>C:\Users\besim\Documents\Programming\C++\EquinoxEngine\eqPhysics\src\</FILEPATH>
      <FILENAME>CollisionDetector.cpp</FILENAME>
      <LINE>137</LINE>
      <COLUMN>34</COLUMN>
    </SFA>
    <DEFECTCODE>26451</DEFECTCODE>
    <DESCRIPTION>Arithmetic overflow: Using operator '+' on a 4 byte value and then casting the result to a 8 byte value. Cast the value to the wider type before calling operator '+' to avoid overflow (io.2).</DESCRIPTION>
    <FUNCTION>eq::Physics::CollisionDetector::getContactPolygonPolygon</FUNCTION>
    <DECORATED>?getContactPolygonPolygon@CollisionDetector@Physics@eq@@AEAA?AUVector2@Math@3@PEAVPolygonShape@23@0@Z</DECORATED>
    <FUNCLINE>86</FUNCLINE>
    <PATH></PATH>
  </DEFECT>
  <DEFECT>
    <SFA>
      <FILEPATH>C:\Users\besim\Documents\Programming\C++\EquinoxEngine\eqPhysics\src\</FILEPATH>
      <FILENAME>CollisionDetector.cpp</FILENAME>
      <LINE>185</LINE>
      <COLUMN>34</COLUMN>
    </SFA>
    <DEFECTCODE>26451</DEFECTCODE>
    <DESCRIPTION>Arithmetic overflow: Using operator '+' on a 4 byte value and then casting the result to a 8 byte value. Cast the value to the wider type before calling operator '+' to avoid overflow (io.2).</DESCRIPTION>
    <FUNCTION>eq::Physics::CollisionDetector::getContactBoxPolygon</FUNCTION>
    <DECORATED>?getContactBoxPolygon@CollisionDetector@Physics@eq@@AEAA?AUVector2@Math@3@PEAVBoxShape@23@PEAVPolygonShape@23@@Z</DECORATED>
    <FUNCLINE>164</FUNCLINE>
    <PATH></PATH>
  </DEFECT>
  <DEFECT>
    <SFA>
      <FILEPATH>C:\Users\besim\Documents\Programming\C++\EquinoxEngine\eqPhysics\src\</FILEPATH>
      <FILENAME>CollisionDetector.cpp</FILENAME>
      <LINE>254</LINE>
      <COLUMN>15</COLUMN>
    </SFA>
    <DEFECTCODE>26451</DEFECTCODE>
    <DESCRIPTION>Arithmetic overflow: Using operator '+' on a 4 byte value and then casting the result to a 8 byte value. Cast the value to the wider type before calling operator '+' to avoid overflow (io.2).</DESCRIPTION>
    <FUNCTION>eq::Physics::CollisionDetector::getContactCircleBox</FUNCTION>
    <DECORATED>?getContactCircleBox@CollisionDetector@Physics@eq@@AEAA?AUVector2@Math@3@PEAVCircleShape@23@PEAVBoxShape@23@@Z</DECORATED>
    <FUNCLINE>242</FUNCLINE>
    <PATH></PATH>
  </DEFECT>
  <DEFECT>
    <SFA>
      <FILEPATH>C:\Users\besim\Documents\Programming\C++\EquinoxEngine\eqPhysics\src\</FILEPATH>
      <FILENAME>CollisionDetector.cpp</FILENAME>
      <LINE>282</LINE>
      <COLUMN>15</COLUMN>
    </SFA>
    <DEFECTCODE>26451</DEFECTCODE>
    <DESCRIPTION>Arithmetic overflow: Using operator '+' on a 4 byte value and then casting the result to a 8 byte value. Cast the value to the wider type before calling operator '+' to avoid overflow (io.2).</DESCRIPTION>
    <FUNCTION>eq::Physics::CollisionDetector::getcontactCirclePolygon</FUNCTION>
    <DECORATED>?getcontactCirclePolygon@CollisionDetector@Physics@eq@@AEAA?AUVector2@Math@3@PEAVCircleShape@23@PEAVPolygonShape@23@@Z</DECORATED>
    <FUNCLINE>270</FUNCLINE>
    <PATH></PATH>
  </DEFECT>
  <DEFECT>
    <SFA>
      <FILEPATH>C:\Users\besim\Documents\Programming\C++\EquinoxEngine\eqPhysics\src\</FILEPATH>
      <FILENAME>CollisionDetector.cpp</FILENAME>
      <LINE>304</LINE>
      <COLUMN>24</COLUMN>
    </SFA>
    <DEFECTCODE>26451</DEFECTCODE>
    <DESCRIPTION>Arithmetic overflow: Using operator '+' on a 4 byte value and then casting the result to a 8 byte value. Cast the value to the wider type before calling operator '+' to avoid overflow (io.2).</DESCRIPTION>
    <FUNCTION>eq::Physics::CollisionDetector::getNormals</FUNCTION>
    <DECORATED>?getNormals@CollisionDetector@Physics@eq@@AEAA?AV?$vector@UVector2@Math@eq@@V?$allocator@UVector2@Math@eq@@@std@@@std@@V45@@Z</DECORATED>
    <FUNCLINE>298</FUNCLINE>
    <PATH></PATH>
  </DEFECT>
  <DEFECT>
    <SFA>
      <FILEPATH>C:\Users\besim\Documents\Programming\C++\EquinoxEngine\eqPhysics\src\</FILEPATH>
      <FILENAME>CollisionDetector.cpp</FILENAME>
      <LINE>361</LINE>
      <COLUMN>68</COLUMN>
    </SFA>
    <DEFECTCODE>26451</DEFECTCODE>
    <DESCRIPTION>Arithmetic overflow: Using operator '+' on a 4 byte value and then casting the result to a 8 byte value. Cast the value to the wider type before calling operator '+' to avoid overflow (io.2).</DESCRIPTION>
    <FUNCTION>eq::Physics::CollisionDetector::getClosestPoint</FUNCTION>
    <DECORATED>?getClosestPoint@CollisionDetector@Physics@eq@@AEAA?AUVector2@Math@3@U453@V?$vector@UVector2@Math@eq@@V?$allocator@UVector2@Math@eq@@@std@@@std@@@Z</DECORATED>
    <FUNCLINE>354</FUNCLINE>
    <PATH></PATH>
  </DEFECT>
  <DEFECT>
    <SFA>
      <FILEPATH>C:\Users\besim\Documents\Programming\C++\EquinoxEngine\eqPhysics\src\</FILEPATH>
      <FILENAME>CollisionDetector.hpp</FILENAME>
      <LINE>18</LINE>
      <COLUMN>2</COLUMN>
    </SFA>
    <DEFECTCODE>26495</DEFECTCODE>
    <DESCRIPTION>Variable 'eq::Physics::Manifold::penetration' is uninitialized. Always initialize a member variable (type.6).</DESCRIPTION>
    <FUNCTION>eq::Physics::Manifold::{ctor}</FUNCTION>
    <DECORATED>??0Manifold@Physics@eq@@QEAA@XZ</DECORATED>
    <FUNCLINE>18</FUNCLINE>
    <ADDITIONALINFO>
      <targetSymbol>eq::Physics::Manifold::penetration</targetSymbol>
    </ADDITIONALINFO>
    <PATH></PATH>
  </DEFECT>
  <DEFECT>
    <SFA>
      <FILEPATH>C:\Users\besim\Documents\Programming\C++\EquinoxEngine\eqPhysics\src\</FILEPATH>
      <FILENAME>CollisionDetector.hpp</FILENAME>
      <LINE>18</LINE>
      <COLUMN>2</COLUMN>
    </SFA>
    <DEFECTCODE>26495</DEFECTCODE>
    <DESCRIPTION>Variable 'eq::Physics::Manifold::bodyA' is uninitialized. Always initialize a member variable (type.6).</DESCRIPTION>
    <FUNCTION>eq::Physics::Manifold::{ctor}</FUNCTION>
    <DECORATED>??0Manifold@Physics@eq@@QEAA@XZ</DECORATED>
    <FUNCLINE>18</FUNCLINE>
    <ADDITIONALINFO>
      <targetSymbol>eq::Physics::Manifold::bodyA</targetSymbol>
    </ADDITIONALINFO>
    <PATH></PATH>
  </DEFECT>
  <DEFECT>
    <SFA>
      <FILEPATH>C:\Users\besim\Documents\Programming\C++\EquinoxEngine\eqPhysics\src\</FILEPATH>
      <FILENAME>CollisionDetector.hpp</FILENAME>
      <LINE>18</LINE>
      <COLUMN>2</COLUMN>
    </SFA>
    <DEFECTCODE>26495</DEFECTCODE>
    <DESCRIPTION>Variable 'eq::Physics::Manifold::bodyB' is uninitialized. Always initialize a member variable (type.6).</DESCRIPTION>
    <FUNCTION>eq::Physics::Manifold::{ctor}</FUNCTION>
    <DECORATED>??0Manifold@Physics@eq@@QEAA@XZ</DECORATED>
    <FUNCLINE>18</FUNCLINE>
    <ADDITIONALINFO>
      <targetSymbol>eq::Physics::Manifold::bodyB</targetSymbol>
    </ADDITIONALINFO>
    <PATH></PATH>
  </DEFECT>
  <DEFECT>
    <SFA>
      <FILEPATH>C:\Users\besim\Documents\Programming\C++\EquinoxEngine\eqPhysics\src\</FILEPATH>
      <FILENAME>CollisionDetector.hpp</FILENAME>
      <LINE>18</LINE>
      <COLUMN>2</COLUMN>
    </SFA>
    <DEFECTCODE>26495</DEFECTCODE>
    <DESCRIPTION>Variable 'eq::Physics::Manifold::colliding' is uninitialized. Always initialize a member variable (type.6).</DESCRIPTION>
    <FUNCTION>eq::Physics::Manifold::{ctor}</FUNCTION>
    <DECORATED>??0Manifold@Physics@eq@@QEAA@XZ</DECORATED>
    <FUNCLINE>18</FUNCLINE>
    <ADDITIONALINFO>
      <targetSymbol>eq::Physics::Manifold::colliding</targetSymbol>
    </ADDITIONALINFO>
    <PATH></PATH>
  </DEFECT>
</DEFECTS>