<?xml version="1.0" encoding="UTF-8"?>
<DEFECTS>
  <DEFECT>
    <SFA>
      <FILEPATH>C:\Users\besim\Documents\Programming\C++\EquinoxEngine\eqPhysics\src\</FILEPATH>
      <FILENAME>CollisionDetector.hpp</FILENAME>
      <LINE>18</LINE>
      <COLUMN>2</COLUMN>
    </SFA>
    <DEFECTCODE>26495</DEFECTCODE>
    <DESCRIPTION>Variable 'eq::Physics::Manifold::penetration' is uninitialized. Always initialize a member variable (type.6).</DESCRIPTION>
    <FUNCTION>eq::Physics::Manifold::{ctor}</FUNCTION>
    <DECORATED>??0Manifold@Physics@eq@@QEAA@XZ</DECORATED>
    <FUNCLINE>18</FUNCLINE>
    <ADDITIONALINFO>
      <targetSymbol>eq::Physics::Manifold::penetration</targetSymbol>
    </ADDITIONALINFO>
    <PATH></PATH>
  </DEFECT>
  <DEFECT>
    <SFA>
      <FILEPATH>C:\Users\besim\Documents\Programming\C++\EquinoxEngine\eqPhysics\src\</FILEPATH>
      <FILENAME>CollisionDetector.hpp</FILENAME>
      <LINE>18</LINE>
      <COLUMN>2</COLUMN>
    </SFA>
    <DEFECTCODE>26495</DEFECTCODE>
    <DESCRIPTION>Variable 'eq::Physics::Manifold::bodyA' is uninitialized. Always initialize a member variable (type.6).</DESCRIPTION>
    <FUNCTION>eq::Physics::Manifold::{ctor}</FUNCTION>
    <DECORATED>??0Manifold@Physics@eq@@QEAA@XZ</DECORATED>
    <FUNCLINE>18</FUNCLINE>
    <ADDITIONALINFO>
      <targetSymbol>eq::Physics::Manifold::bodyA</targetSymbol>
    </ADDITIONALINFO>
    <PATH></PATH>
  </DEFECT>
  <DEFECT>
    <SFA>
      <FILEPATH>C:\Users\besim\Documents\Programming\C++\EquinoxEngine\eqPhysics\src\</FILEPATH>
      <FILENAME>CollisionDetector.hpp</FILENAME>
      <LINE>18</LINE>
      <COLUMN>2</COLUMN>
    </SFA>
    <DEFECTCODE>26495</DEFECTCODE>
    <DESCRIPTION>Variable 'eq::Physics::Manifold::bodyB' is uninitialized. Always initialize a member variable (type.6).</DESCRIPTION>
    <FUNCTION>eq::Physics::Manifold::{ctor}</FUNCTION>
    <DECORATED>??0Manifold@Physics@eq@@QEAA@XZ</DECORATED>
    <FUNCLINE>18</FUNCLINE>
    <ADDITIONALINFO>
      <targetSymbol>eq::Physics::Manifold::bodyB</targetSymbol>
    </ADDITIONALINFO>
    <PATH></PATH>
  </DEFECT>
  <DEFECT>
    <SFA>
      <FILEPATH>C:\Users\besim\Documents\Programming\C++\EquinoxEngine\eqPhysics\src\</FILEPATH>
      <FILENAME>CollisionDetector.hpp</FILENAME>
      <LINE>18</LINE>
      <COLUMN>2</COLUMN>
    </SFA>
    <DEFECTCODE>26495</DEFECTCODE>
    <DESCRIPTION>Variable 'eq::Physics::Manifold::colliding' is uninitialized. Always initialize a member variable (type.6).</DESCRIPTION>
    <FUNCTION>eq::Physics::Manifold::{ctor}</FUNCTION>
    <DECORATED>??0Manifold@Physics@eq@@QEAA@XZ</DECORATED>
    <FUNCLINE>18</FUNCLINE>
    <ADDITIONALINFO>
      <targetSymbol>eq::Physics::Manifold::colliding</targetSymbol>
    </ADDITIONALINFO>
    <PATH></PATH>
  </DEFECT>
</DEFECTS>