<?xml version="1.0" encoding="UTF-8"?>
<DEFECTS>
  <DEFECT>
    <SFA>
      <FILEPATH>C:\Users\besim\Documents\Programming\C++\EquinoxEngine\eqPhysics\src\Shapes\</FILEPATH>
      <FILENAME>Shape.cpp</FILENAME>
      <LINE>8</LINE>
      <COLUMN>9</COLUMN>
    </SFA>
    <DEFECTCODE>26495</DEFECTCODE>
    <DESCRIPTION>Variable 'eq::Physics::Shape::m_InvInertia' is uninitialized. Always initialize a member variable (type.6).</DESCRIPTION>
    <FUNCTION>eq::Physics::Shape::{ctor}</FUNCTION>
    <DECORATED>??0Shape@Physics@eq@@QEAA@UVector2@Math@2@MW4ShapeType@12@UMaterial@12@UMatrix2x2@42@@Z</DECORATED>
    <FUNCLINE>8</FUNCLINE>
    <ADDITIONALINFO>
      <targetSymbol>eq::Physics::Shape::m_InvInertia</targetSymbol>
    </ADDITIONALINFO>
    <PATH></PATH>
  </DEFECT>
  <DEFECT>
    <SFA>
      <FILEPATH>C:\Users\besim\Documents\Programming\C++\EquinoxEngine\eqPhysics\src\Shapes\</FILEPATH>
      <FILENAME>Shape.cpp</FILENAME>
      <LINE>8</LINE>
      <COLUMN>9</COLUMN>
    </SFA>
    <DEFECTCODE>26495</DEFECTCODE>
    <DESCRIPTION>Variable 'eq::Physics::Shape::color' is uninitialized. Always initialize a member variable (type.6).</DESCRIPTION>
    <FUNCTION>eq::Physics::Shape::{ctor}</FUNCTION>
    <DECORATED>??0Shape@Physics@eq@@QEAA@UVector2@Math@2@MW4ShapeType@12@UMaterial@12@UMatrix2x2@42@@Z</DECORATED>
    <FUNCLINE>8</FUNCLINE>
    <ADDITIONALINFO>
      <targetSymbol>eq::Physics::Shape::color</targetSymbol>
    </ADDITIONALINFO>
    <PATH></PATH>
  </DEFECT>
  <DEFECT>
    <SFA>
      <FILEPATH>C:\Users\besim\Documents\Programming\C++\EquinoxEngine\eqPhysics\src\Shapes\</FILEPATH>
      <FILENAME>Shape.cpp</FILENAME>
      <LINE>8</LINE>
      <COLUMN>9</COLUMN>
    </SFA>
    <DEFECTCODE>26495</DEFECTCODE>
    <DESCRIPTION>Variable 'eq::Physics::Shape::m_Inertia' is uninitialized. Always initialize a member variable (type.6).</DESCRIPTION>
    <FUNCTION>eq::Physics::Shape::{ctor}</FUNCTION>
    <DECORATED>??0Shape@Physics@eq@@QEAA@UVector2@Math@2@MW4ShapeType@12@UMaterial@12@UMatrix2x2@42@@Z</DECORATED>
    <FUNCLINE>8</FUNCLINE>
    <ADDITIONALINFO>
      <targetSymbol>eq::Physics::Shape::m_Inertia</targetSymbol>
    </ADDITIONALINFO>
    <PATH></PATH>
  </DEFECT>
  <DEFECT>
    <SFA>
      <FILEPATH>C:\Users\besim\Documents\Programming\C++\EquinoxEngine\eqPhysics\src\Shapes\</FILEPATH>
      <FILENAME>Shape.cpp</FILENAME>
      <LINE>8</LINE>
      <COLUMN>9</COLUMN>
    </SFA>
    <DEFECTCODE>26495</DEFECTCODE>
    <DESCRIPTION>Variable 'eq::Physics::Shape::m_InvMass' is uninitialized. Always initialize a member variable (type.6).</DESCRIPTION>
    <FUNCTION>eq::Physics::Shape::{ctor}</FUNCTION>
    <DECORATED>??0Shape@Physics@eq@@QEAA@UVector2@Math@2@MW4ShapeType@12@UMaterial@12@UMatrix2x2@42@@Z</DECORATED>
    <FUNCLINE>8</FUNCLINE>
    <ADDITIONALINFO>
      <targetSymbol>eq::Physics::Shape::m_InvMass</targetSymbol>
    </ADDITIONALINFO>
    <PATH></PATH>
  </DEFECT>
  <DEFECT>
    <SFA>
      <FILEPATH>C:\Users\besim\Documents\Programming\C++\EquinoxEngine\eqPhysics\src\Shapes\</FILEPATH>
      <FILENAME>Shape.cpp</FILENAME>
      <LINE>8</LINE>
      <COLUMN>9</COLUMN>
    </SFA>
    <DEFECTCODE>26495</DEFECTCODE>
    <DESCRIPTION>Variable 'eq::Physics::Shape::m_Mass' is uninitialized. Always initialize a member variable (type.6).</DESCRIPTION>
    <FUNCTION>eq::Physics::Shape::{ctor}</FUNCTION>
    <DECORATED>??0Shape@Physics@eq@@QEAA@UVector2@Math@2@MW4ShapeType@12@UMaterial@12@UMatrix2x2@42@@Z</DECORATED>
    <FUNCLINE>8</FUNCLINE>
    <ADDITIONALINFO>
      <targetSymbol>eq::Physics::Shape::m_Mass</targetSymbol>
    </ADDITIONALINFO>
    <PATH></PATH>
  </DEFECT>
</DEFECTS>