<?xml version="1.0" encoding="UTF-8"?>
<DEFECTS>
  <DEFECT>
    <SFA>
      <FILEPATH>C:\Users\besim\Documents\Programming\C++\EquinoxEngine\eqMath\src\</FILEPATH>
      <FILENAME>eqMath.cpp</FILENAME>
      <LINE>129</LINE>
      <COLUMN>23</COLUMN>
    </SFA>
    <DEFECTCODE>26451</DEFECTCODE>
    <DESCRIPTION>Arithmetic overflow: Using operator '-' on a 4 byte value and then casting the result to a 8 byte value. Cast the value to the wider type before calling operator '-' to avoid overflow (io.2).</DESCRIPTION>
    <FUNCTION>eq::Math::distPointToLine</FUNCTION>
    <DECORATED>?distPointToLine@Math@eq@@YAMUVector2@12@00PEAU312@@Z</DECORATED>
    <FUNCLINE>103</FUNCLINE>
    <PATH></PATH>
  </DEFECT>
  <DEFECT>
    <SFA>
      <FILEPATH>C:\Users\besim\Documents\Programming\C++\EquinoxEngine\eqMath\src\</FILEPATH>
      <FILENAME>eqMath.cpp</FILENAME>
      <LINE>130</LINE>
      <COLUMN>23</COLUMN>
    </SFA>
    <DEFECTCODE>26451</DEFECTCODE>
    <DESCRIPTION>Arithmetic overflow: Using operator '-' on a 4 byte value and then casting the result to a 8 byte value. Cast the value to the wider type before calling operator '-' to avoid overflow (io.2).</DESCRIPTION>
    <FUNCTION>eq::Math::distPointToLine</FUNCTION>
    <DECORATED>?distPointToLine@Math@eq@@YAMUVector2@12@00PEAU312@@Z</DECORATED>
    <FUNCLINE>103</FUNCLINE>
    <PATH></PATH>
  </DEFECT>
</DEFECTS>